{
  "det_acc@0.5": 0.14,
  "mean_bbox_iou": 0.23817844615041375,
  "mean_seg_iou": 0.6548346557094423,
  "mean_dice": 0.7724423820958831,
  "top1_acc": 0.6116666666666667,
  "macro_f1": 0.6116743302351829,
  "confusion_matrix": [
    [
      39,
      3,
      11,
      0,
      3,
      0,
      0,
      0,
      0,
      4
    ],
    [
      3,
      48,
      3,
      0,
      5,
      0,
      0,
      1,
      0,
      0
    ],
    [
      10,
      13,
      29,
      0,
      7,
      0,
      0,
      0,
      1,
      0
    ],
    [
      10,
      0,
      1,
      33,
      2,
      6,
      2,
      0,
      0,
      6
    ],
    [
      2,
      7,
      5,
      0,
      41,
      0,
      1,
      2,
      2,
      0
    ],
    [
      2,
      1,
      1,
      4,
      1,
      40,
      2,
      2,
      3,
      4
    ],
    [
      5,
      1,
      3,
      0,
      5,
      0,
      31,
      6,
      3,
      6
    ],
    [
      6,
      1,
      2,
      0,
      11,
      0,
      10,
      24,
      4,
      2
    ],
    [
      0,
      6,
      1,
      0,
      4,
      1,
      0,
      0,
      47,
      1
    ],
    [
      5,
      2,
      3,
      2,
      2,
      0,
      9,
      0,
      2,
      35
    ]
  ],
  "num_samples": 600
}