{
  "det_acc@0.5": 0.07072463768115941,
  "mean_bbox_iou": 0.1589009850896139,
  "mean_seg_iou": 0.5263081809720616,
  "mean_dice": 0.6461553458073236,
  "top1_acc": 0.5252173913043479,
  "macro_f1": 0.5178349399694325,
  "confusion_matrix": [
    [
      204,
      29,
      20,
      13,
      12,
      2,
      21,
      26,
      4,
      14
    ],
    [
      16,
      278,
      19,
      1,
      28,
      0,
      0,
      1,
      2,
      0
    ],
    [
      65,
      51,
      133,
      6,
      58,
      0,
      22,
      3,
      3,
      4
    ],
    [
      29,
      31,
      0,
      145,
      8,
      97,
      15,
      1,
      1,
      18
    ],
    [
      23,
      53,
      37,
      7,
      130,
      0,
      42,
      40,
      5,
      8
    ],
    [
      0,
      18,
      0,
      19,
      0,
      242,
      20,
      1,
      2,
      43
    ],
    [
      16,
      15,
      1,
      14,
      13,
      1,
      160,
      4,
      6,
      115
    ],
    [
      27,
      18,
      1,
      50,
      17,
      3,
      98,
      74,
      2,
      55
    ],
    [
      1,
      26,
      2,
      36,
      13,
      0,
      1,
      30,
      229,
      7
    ],
    [
      2,
      15,
      0,
      32,
      0,
      31,
      39,
      9,
      0,
      217
    ]
  ],
  "num_samples": 3450
}