{
  "det_acc@0.5": 0.08166666666666667,
  "mean_bbox_iou": 0.19753246465458324,
  "mean_seg_iou": 0.5301423621657565,
  "mean_dice": 0.6598408973922932,
  "top1_acc": 0.5216666666666666,
  "macro_f1": 0.5032079356399648,
  "confusion_matrix": [
    [
      37,
      1,
      4,
      8,
      4,
      0,
      1,
      5,
      0,
      0
    ],
    [
      12,
      32,
      4,
      1,
      5,
      0,
      0,
      3,
      3,
      0
    ],
    [
      29,
      8,
      7,
      1,
      13,
      0,
      0,
      1,
      1,
      0
    ],
    [
      5,
      0,
      3,
      31,
      1,
      11,
      0,
      1,
      2,
      6
    ],
    [
      6,
      4,
      1,
      0,
      35,
      0,
      0,
      9,
      3,
      2
    ],
    [
      5,
      0,
      0,
      4,
      0,
      40,
      0,
      2,
      3,
      6
    ],
    [
      4,
      2,
      2,
      0,
      4,
      2,
      11,
      20,
      4,
      11
    ],
    [
      8,
      1,
      0,
      0,
      5,
      1,
      0,
      34,
      7,
      4
    ],
    [
      0,
      3,
      0,
      0,
      3,
      0,
      0,
      1,
      51,
      2
    ],
    [
      3,
      0,
      2,
      2,
      2,
      9,
      1,
      2,
      4,
      35
    ]
  ],
  "num_samples": 600
}