{
  "det_acc@0.5": 0.03826086956521739,
  "mean_bbox_iou": 0.14121114710094573,
  "mean_seg_iou": 0.41782547440349754,
  "mean_dice": 0.5397539799497828,
  "top1_acc": 0.4721739130434783,
  "macro_f1": 0.46125624790052483,
  "confusion_matrix": [
    [
      187,
      22,
      3,
      32,
      32,
      0,
      1,
      50,
      8,
      10
    ],
    [
      35,
      208,
      47,
      3,
      25,
      0,
      0,
      3,
      9,
      15
    ],
    [
      101,
      40,
      79,
      10,
      85,
      0,
      1,
      10,
      17,
      2
    ],
    [
      42,
      16,
      0,
      146,
      20,
      91,
      3,
      4,
      19,
      4
    ],
    [
      49,
      41,
      9,
      4,
      128,
      0,
      3,
      86,
      22,
      3
    ],
    [
      9,
      15,
      0,
      36,
      0,
      245,
      0,
      8,
      15,
      17
    ],
    [
      19,
      16,
      2,
      17,
      12,
      4,
      75,
      89,
      14,
      97
    ],
    [
      21,
      18,
      4,
      29,
      14,
      12,
      23,
      163,
      20,
      41
    ],
    [
      1,
      27,
      7,
      17,
      32,
      1,
      0,
      21,
      238,
      1
    ],
    [
      18,
      15,
      0,
      31,
      2,
      51,
      29,
      24,
      15,
      160
    ]
  ],
  "num_samples": 3450
}